"","Sensitivity","Specificity","Pos Pred Value","Neg Pred Value","Precision","Recall","F1","Prevalence","Detection Rate","Detection Prevalence","Balanced Accuracy"
"Class: 1",0.669565217391304,0.891156462585034,0.706422018348624,0.873333333333333,0.706422018348624,0.669565217391304,0.6875,0.281173594132029,0.188264058679707,0.266503667481663,0.780360839988169
"Class: 2",1,0.986348122866894,0.966666666666667,1,0.966666666666667,1,0.983050847457627,0.28361858190709,0.28361858190709,0.293398533007335,0.993174061433447
"Class: 3",0.823529411764706,0.99234693877551,0.823529411764705,0.99234693877551,0.823529411764706,0.823529411764706,0.823529411764706,0.0415647921760391,0.0342298288508557,0.0415647921760391,0.907938175270108
"Class: 4",0.644444444444444,0.950549450549451,0.617021276595744,0.955801104972376,0.617021276595745,0.644444444444444,0.630434782608696,0.110024449877751,0.0709046454767726,0.114914425427873,0.797496947496948
"Class: 5",0.793103448275862,0.918088737201365,0.793103448275862,0.918088737201365,0.793103448275862,0.793103448275862,0.793103448275862,0.28361858190709,0.224938875305623,0.28361858190709,0.855596092738614
