"","Sensitivity","Specificity","Pos Pred Value","Neg Pred Value","Precision","Recall","F1","Prevalence","Detection Rate","Detection Prevalence","Balanced Accuracy"
"Class: 1",0.553846153846154,0.764705882352941,0.5625,0.758333333333333,0.5625,0.553846153846154,0.558139534883721,0.353260869565217,0.195652173913043,0.347826086956522,0.659276018099548
"Class: 2",0.885714285714286,0.979865771812081,0.911764705882353,0.973333333333333,0.911764705882353,0.885714285714286,0.898550724637681,0.190217391304348,0.168478260869565,0.184782608695652,0.932790028763183
"Class: 3",0.8,1,1,0.988636363636364,1,0.8,0.888888888888889,0.0543478260869565,0.0434782608695652,0.0434782608695652,0.9
"Class: 4",0.375,0.964285714285714,0.5,0.941860465116279,0.5,0.375,0.428571428571429,0.0869565217391304,0.0326086956521739,0.0652173913043478,0.669642857142857
"Class: 5",0.724137931034483,0.80952380952381,0.636363636363636,0.864406779661017,0.636363636363636,0.724137931034483,0.67741935483871,0.315217391304348,0.228260869565217,0.358695652173913,0.766830870279146
