"","Sensitivity","Specificity","Pos Pred Value","Neg Pred Value","Precision","Recall","F1","Prevalence","Detection Rate","Detection Prevalence","Balanced Accuracy"
"Class: 1",0.65,0.824742268041237,0.656565656565656,0.82051282051282,0.656565656565657,0.65,0.653266331658292,0.340136054421769,0.22108843537415,0.336734693877551,0.737371134020619
"Class: 2",1,0.966244725738397,0.876923076923077,1,0.876923076923077,1,0.934426229508197,0.193877551020408,0.193877551020408,0.22108843537415,0.983122362869198
"Class: 3",0.692307692307692,0.99288256227758,0.818181818181819,0.985865724381625,0.818181818181818,0.692307692307692,0.75,0.0442176870748299,0.0306122448979592,0.0374149659863946,0.842595127292636
"Class: 4",0.382352941176471,0.946153846153846,0.481481481481481,0.921348314606742,0.481481481481481,0.382352941176471,0.426229508196721,0.115646258503401,0.0442176870748299,0.0918367346938776,0.664253393665158
"Class: 5",0.755555555555556,0.882352941176471,0.739130434782609,0.891089108910891,0.739130434782609,0.755555555555556,0.747252747252747,0.306122448979592,0.231292517006803,0.312925170068027,0.818954248366013
