"","Sensitivity","Specificity","Pos Pred Value","Neg Pred Value","Precision","Recall","F1","Prevalence","Detection Rate","Detection Prevalence","Balanced Accuracy"
"Class: 1",0.738095238095238,0.801418439716312,0.688888888888889,0.837037037037037,0.688888888888889,0.738095238095238,0.71264367816092,0.373333333333333,0.275555555555556,0.4,0.769756838905775
"Class: 2",1,0.952380952380952,0.876923076923077,1,0.876923076923077,1,0.934426229508197,0.253333333333333,0.253333333333333,0.288888888888889,0.976190476190476
"Class: 3",0.8,1,1,0.990783410138249,1,0.8,0.888888888888889,0.0444444444444444,0.0355555555555556,0.0355555555555556,0.9
"Class: 4",0.125,0.995215311004785,0.666666666666666,0.936936936936937,0.666666666666667,0.125,0.210526315789474,0.0711111111111111,0.00888888888888889,0.0133333333333333,0.560107655502392
"Class: 5",0.672413793103448,0.880239520958084,0.661016949152542,0.885542168674699,0.661016949152542,0.672413793103448,0.666666666666667,0.257777777777778,0.173333333333333,0.262222222222222,0.776326657030766
