"","Sensitivity","Specificity","Pos Pred Value","Neg Pred Value","Precision","Recall","F1","Prevalence","Detection Rate","Detection Prevalence","Balanced Accuracy"
"Class: 1",0.669565217391304,0.867704280155642,0.693693693693694,0.854406130268199,0.693693693693694,0.669565217391304,0.68141592920354,0.309139784946237,0.206989247311828,0.298387096774194,0.768634748773473
"Class: 2",0.987341772151899,0.986348122866894,0.951219512195122,0.996551724137931,0.951219512195122,0.987341772151899,0.968944099378882,0.212365591397849,0.209677419354839,0.220430107526882,0.986844947509397
"Class: 3",0.764705882352941,0.991549295774648,0.8125,0.98876404494382,0.8125,0.764705882352941,0.787878787878788,0.0456989247311828,0.0349462365591398,0.043010752688172,0.878127589063795
"Class: 4",0.711111111111111,0.963302752293578,0.727272727272727,0.960365853658537,0.727272727272727,0.711111111111111,0.719101123595506,0.120967741935484,0.0860215053763441,0.118279569892473,0.837206931702345
"Class: 5",0.767241379310345,0.8828125,0.747899159663865,0.893280632411067,0.747899159663866,0.767241379310345,0.757446808510638,0.311827956989247,0.239247311827957,0.31989247311828,0.825026939655172
