"","Sensitivity","Specificity","Pos Pred Value","Neg Pred Value","Precision","Recall","F1","Prevalence","Detection Rate","Detection Prevalence","Balanced Accuracy"
"Class: 1",0.717391304347826,0.88034188034188,0.702127659574468,0.887931034482759,0.702127659574468,0.717391304347826,0.709677419354839,0.282208588957055,0.202453987730061,0.288343558282209,0.798866592344853
"Class: 2",1,0.982905982905983,0.958333333333333,1,0.958333333333333,1,0.978723404255319,0.282208588957055,0.282208588957055,0.294478527607362,0.991452991452991
"Class: 3",0.714285714285714,0.993589743589744,0.833333333333334,0.987261146496815,0.833333333333333,0.714285714285714,0.769230769230769,0.0429447852760736,0.0306748466257669,0.0368098159509202,0.853937728937729
"Class: 4",0.5,0.986206896551724,0.818181818181818,0.940789473684211,0.818181818181818,0.5,0.620689655172414,0.110429447852761,0.0552147239263804,0.0674846625766871,0.743103448275862
"Class: 5",0.826086956521739,0.888888888888889,0.745098039215686,0.928571428571428,0.745098039215686,0.826086956521739,0.783505154639175,0.282208588957055,0.233128834355828,0.312883435582822,0.857487922705314
