"","Sensitivity","Specificity","Pos Pred Value","Neg Pred Value","Precision","Recall","F1","Prevalence","Detection Rate","Detection Prevalence","Balanced Accuracy"
"Class: 1",0.454545454545455,0.99250936329588,0.714285714285714,0.977859778597786,0.714285714285714,0.454545454545455,0.555555555555556,0.039568345323741,0.0179856115107914,0.0251798561151079,0.723527408920667
"Class: 2",0.607142857142857,0.905405405405405,0.618181818181818,0.901345291479821,0.618181818181818,0.607142857142857,0.612612612612613,0.201438848920863,0.122302158273381,0.197841726618705,0.756274131274131
"Class: 3",0.979166666666667,0.98695652173913,0.94,0.995614035087719,0.94,0.979166666666667,0.959183673469388,0.172661870503597,0.169064748201439,0.179856115107914,0.983061594202899
"Class: 4",0.968253968253968,0.893023255813953,0.726190476190476,0.989690721649485,0.726190476190476,0.968253968253968,0.829931972789116,0.226618705035971,0.219424460431655,0.302158273381295,0.930638612033961
"Class: 5",0.409090909090909,0.987179487179487,0.857142857142858,0.898832684824903,0.857142857142857,0.409090909090909,0.553846153846154,0.158273381294964,0.0647482014388489,0.0755395683453237,0.698135198135198
"Class: 6",0.696428571428571,0.900900900900901,0.639344262295082,0.921658986175115,0.639344262295082,0.696428571428571,0.666666666666667,0.201438848920863,0.140287769784173,0.219424460431655,0.798664736164736
