"","Sensitivity","Specificity","Pos Pred Value","Neg Pred Value","Precision","Recall","F1","Prevalence","Detection Rate","Detection Prevalence","Balanced Accuracy"
"Class: 1",0.272727272727273,0.98876404494382,0.499999999999999,0.970588235294118,0.5,0.272727272727273,0.352941176470588,0.039568345323741,0.0107913669064748,0.0215827338129496,0.630745658835546
"Class: 2",0.571428571428571,0.945945945945946,0.727272727272727,0.897435897435897,0.727272727272727,0.571428571428571,0.64,0.201438848920863,0.115107913669065,0.158273381294964,0.758687258687259
"Class: 3",1,0.982608695652174,0.923076923076923,1,0.923076923076923,1,0.96,0.172661870503597,0.172661870503597,0.18705035971223,0.991304347826087
"Class: 4",0.984126984126984,0.897674418604651,0.738095238095238,0.994845360824742,0.738095238095238,0.984126984126984,0.843537414965986,0.226618705035971,0.223021582733813,0.302158273381295,0.940900701365818
"Class: 5",0.454545454545455,0.944444444444444,0.606060606060606,0.902040816326531,0.606060606060606,0.454545454545455,0.51948051948052,0.158273381294964,0.0719424460431655,0.118705035971223,0.69949494949495
"Class: 6",0.678571428571429,0.905405405405405,0.644067796610169,0.917808219178082,0.644067796610169,0.678571428571429,0.660869565217391,0.201438848920863,0.136690647482014,0.212230215827338,0.791988416988417
